[
    {
        "name": "hgfhgf"
    },
    {
        "name": "rfewtrer",
        "contacts": [
            {
                "name": "grdg",
                "phone": "klp;",
                "email": "jpo",
                "address": "jo",
                "relation": "Friend",
                "first_name": "l[p",
                "middle_name": "lp[",
                "last_name": "l..[plk",
                "maiden_name": ",[pl",
                "date_of_birth": "[p",
                "birthplace": "[pl,",
                "location_of_birth_certificate": "[pl",
                "location_of_adoption_documents": "[pl,",
                "social_security_number": "[pl",
                "location_of_social_security_card": ",[pl",
                "driver\u2019s_license_number_and_state": "[pl"
            }
        ]
    },
    {
        "name": "ygrht"
    },
    {
        "name": "gtryghtr"
    }
]